{
    "metrics": {
        "http_req_sending": {
            "p(90)": 0.12,
            "p(95)": 0.129,
            "avg": 0.07225100000000012,
            "min": 0.029,
            "med": 0.062,
            "max": 0.307
        },
        "http_req_duration": {
            "avg": 484.1311630000001,
            "min": 337.613,
            "med": 510.9325,
            "max": 977.075,
            "p(90)": 522.9256,
            "p(95)": 543.5583499999999
        },
        "vus": {
            "value": 3,
            "min": 3,
            "max": 4
        },
        "http_req_tls_handshaking": {
            "p(95)": 0,
            "avg": 0.560281,
            "min": 0,
            "med": 0,
            "max": 141.059,
            "p(90)": 0
        },
        "checks": {
            "passes": 1000,
            "fails": 0,
            "value": 1
        },
        "iteration_duration": {
            "avg": 485.0182944530001,
            "min": 337.8045,
            "med": 511.02928099999997,
            "max": 1159.964992,
            "p(90)": 522.6449418999999,
            "p(95)": 543.67118725
        },
        "vus_max": {
            "value": 4,
            "min": 4,
            "max": 4
        },
        "http_req_blocked": {
            "p(95)": 0.001,
            "avg": 0.7305909999999898,
            "min": 0,
            "med": 0,
            "max": 182.542,
            "p(90)": 0.001
        },
        "data_sent": {
            "count": 182304,
            "rate": 1501.3842862935196
        },
        "http_req_receiving": {
            "min": 0.035,
            "med": 0.07050000000000001,
            "max": 7.963,
            "p(90)": 0.15920000000000004,
            "p(95)": 0.696,
            "avg": 0.18056700000000037
        },
        "iterations": {
            "rate": 8.235608029958309,
            "count": 1000
        },
        "data_received": {
            "count": 474352,
            "rate": 3906.5771402267837
        },
        "http_req_connecting": {
            "avg": 0.115512,
            "min": 0,
            "med": 0,
            "max": 29.841,
            "p(90)": 0,
            "p(95)": 0
        },
        "http_reqs": {
            "rate": 8.235608029958309,
            "count": 1000
        },
        "http_req_waiting": {
            "max": 976.694,
            "p(90)": 522.8039,
            "p(95)": 543.4550499999999,
            "avg": 483.87834500000025,
            "min": 337.453,
            "med": 510.788
        }
    },
    "root_group": {
        "name": "",
        "path": "",
        "id": "d41d8cd98f00b204e9800998ecf8427e",
        "groups": {},
        "checks": {
                "is status 200": {
                    "id": "548d37ca5f33793206f7832e7cea54fb",
                    "passes": 1000,
                    "fails": 0,
                    "name": "is status 200",
                    "path": "::is status 200"
                }
            }
    }
}