{
    "root_group": {
        "path": "",
        "id": "d41d8cd98f00b204e9800998ecf8427e",
        "groups": {},
        "checks": {
                "is status 200": {
                    "id": "548d37ca5f33793206f7832e7cea54fb",
                    "passes": 1000,
                    "fails": 0,
                    "name": "is status 200",
                    "path": "::is status 200"
                }
            },
        "name": ""
    },
    "metrics": {
        "checks": {
            "passes": 1000,
            "fails": 0,
            "value": 1
        },
        "http_req_blocked": {
            "avg": 0.7453069999999856,
            "med": 0.001,
            "p(25)": 0,
            "p(75)": 0.001,
            "min": 0,
            "max": 186.231
        },
        "http_req_duration": {
            "p(75)": 410.2185,
            "min": 326.231,
            "max": 588.117,
            "avg": 408.3632169999997,
            "med": 409.172,
            "p(25)": 407.585
        },
        "http_req_sending": {
            "avg": 0.1105179999999998,
            "med": 0.117,
            "p(25)": 0.083,
            "p(75)": 0.13,
            "min": 0.039,
            "max": 0.448
        },
        "data_received": {
            "count": 475019,
            "rate": 4639.943549285902
        },
        "vus_max": {
            "value": 4,
            "min": 4,
            "max": 4
        },
        "http_req_failed": {
            "passes": 0,
            "fails": 1000,
            "value": 0
        },
        "vus": {
            "max": 4,
            "value": 4,
            "min": 4
        },
        "http_req_waiting": {
            "med": 408.9345,
            "p(25)": 407.3915,
            "p(75)": 410.02725,
            "min": 325.956,
            "max": 587.851,
            "avg": 408.11953299999993
        },
        "http_req_tls_handshaking": {
            "p(25)": 0,
            "p(75)": 0,
            "min": 0,
            "max": 130.721,
            "avg": 0.512549,
            "med": 0
        },
        "data_sent": {
            "count": 182304,
            "rate": 1780.7293367402506
        },
        "http_reqs": {
            "rate": 9.767911492563249,
            "count": 1000
        },
        "iteration_duration": {
            "max": 775.146116,
            "avg": 409.4820354929999,
            "med": 409.5534065,
            "p(25)": 407.94228575,
            "p(75)": 410.5319785,
            "min": 326.648328
        },
        "http_req_connecting": {
            "med": 0,
            "p(25)": 0,
            "p(75)": 0,
            "min": 0,
            "max": 23.287,
            "avg": 0.089476
        },
        "iterations": {
            "count": 1000,
            "rate": 9.767911492563249
        },
        "http_req_duration{expected_response:true}": {
            "p(75)": 410.2185,
            "min": 326.231,
            "max": 588.117,
            "avg": 408.3632169999997,
            "med": 409.172,
            "p(25)": 407.585
        },
        "http_req_receiving": {
            "avg": 0.13316599999999984,
            "med": 0.117,
            "p(25)": 0.10375,
            "p(75)": 0.128,
            "min": 0.036,
            "max": 4.355
        }
    }
}