{
    "root_group": {
        "name": "",
        "path": "",
        "id": "d41d8cd98f00b204e9800998ecf8427e",
        "groups": {},
        "checks": {
                "is status 200": {
                    "passes": 1000,
                    "fails": 0,
                    "name": "is status 200",
                    "path": "::is status 200",
                    "id": "548d37ca5f33793206f7832e7cea54fb"
                }
            }
    },
    "metrics": {
        "iteration_duration": {
            "min": 292.709756,
            "max": 833.936281,
            "avg": 387.9875891020005,
            "med": 387.3360505,
            "p(25)": 374.67031,
            "p(75)": 399.06371924999996
        },
        "checks": {
            "passes": 1000,
            "fails": 0,
            "value": 1
        },
        "http_req_duration{expected_response:true}": {
            "avg": 386.89330799999976,
            "med": 387.0555,
            "p(25)": 374.32725,
            "p(75)": 398.79125,
            "min": 292.41,
            "max": 643.21
        },
        "data_sent": {
            "count": 182300,
            "rate": 1877.4453713087973
        },
        "data_received": {
            "count": 475207,
            "rate": 4893.9944188894115
        },
        "http_req_connecting": {
            "p(25)": 0,
            "p(75)": 0,
            "min": 0,
            "max": 24.249,
            "avg": 0.087658,
            "med": 0
        },
        "http_req_receiving": {
            "max": 6.712,
            "avg": 0.20625700000000005,
            "med": 0.101,
            "p(25)": 0.083,
            "p(75)": 0.133,
            "min": 0.044
        },
        "http_req_sending": {
            "avg": 0.09444399999999992,
            "med": 0.081,
            "p(25)": 0.073,
            "p(75)": 0.118,
            "min": 0.04,
            "max": 0.337
        },
        "iterations": {
            "rate": 10.298658098238054,
            "count": 1000
        },
        "vus_max": {
            "value": 4,
            "min": 4,
            "max": 4
        },
        "http_req_blocked": {
            "avg": 0.7606059999999873,
            "med": 0.001,
            "p(25)": 0,
            "p(75)": 0.001,
            "min": 0,
            "max": 190.043
        },
        "http_req_waiting": {
            "med": 386.65999999999997,
            "p(25)": 374.03725,
            "p(75)": 398.43525,
            "min": 292.239,
            "max": 642.798,
            "avg": 386.59260700000004
        },
        "http_req_failed": {
            "passes": 0,
            "fails": 1000,
            "value": 0
        },
        "http_req_tls_handshaking": {
            "avg": 0.5674929999999999,
            "med": 0,
            "p(25)": 0,
            "p(75)": 0,
            "min": 0,
            "max": 142.661
        },
        "http_reqs": {
            "count": 1000,
            "rate": 10.298658098238054
        },
        "http_req_duration": {
            "avg": 386.89330799999976,
            "med": 387.0555,
            "p(25)": 374.32725,
            "p(75)": 398.79125,
            "min": 292.41,
            "max": 643.21
        },
        "vus": {
            "value": 2,
            "min": 2,
            "max": 4
        }
    }
}