{
    "root_group": {
        "path": "",
        "id": "d41d8cd98f00b204e9800998ecf8427e",
        "groups": {},
        "checks": {
                "is status 200": {
                    "name": "is status 200",
                    "path": "::is status 200",
                    "id": "548d37ca5f33793206f7832e7cea54fb",
                    "passes": 1000,
                    "fails": 0
                }
            },
        "name": ""
    },
    "metrics": {
        "http_req_connecting": {
            "p(25)": 0,
            "p(75)": 0,
            "min": 0,
            "max": 66.944,
            "avg": 0.26452800000000004,
            "med": 0
        },
        "vus_max": {
            "max": 4,
            "value": 4,
            "min": 4
        },
        "checks": {
            "passes": 1000,
            "fails": 0,
            "value": 1
        },
        "http_req_sending": {
            "p(75)": 0.103,
            "min": 0.036,
            "max": 0.461,
            "avg": 0.08888900000000001,
            "med": 0.087,
            "p(25)": 0.06375
        },
        "data_received": {
            "count": 472326,
            "rate": 4075.8796755750755
        },
        "data_sent": {
            "count": 182304,
            "rate": 1573.170158695559
        },
        "http_req_receiving": {
            "avg": 1.0628759999999995,
            "med": 0.141,
            "p(25)": 0.107,
            "p(75)": 0.162,
            "min": 0.037,
            "max": 511.763
        },
        "iterations": {
            "count": 1000,
            "rate": 8.629378174343728
        },
        "http_req_blocked": {
            "min": 0,
            "max": 262.886,
            "avg": 1.0520989999999868,
            "med": 0.001,
            "p(25)": 0,
            "p(75)": 0.001
        },
        "vus": {
            "max": 4,
            "value": 4,
            "min": 4
        },
        "http_req_duration{expected_response:true}": {
            "max": 989.138,
            "avg": 461.5861460000004,
            "med": 434.303,
            "p(25)": 413.259,
            "p(75)": 509.9585,
            "min": 165.784
        },
        "http_req_tls_handshaking": {
            "avg": 0.781327,
            "med": 0,
            "p(25)": 0,
            "p(75)": 0,
            "min": 0,
            "max": 196.096
        },
        "http_reqs": {
            "count": 1000,
            "rate": 8.629378174343728
        },
        "http_req_duration": {
            "max": 989.138,
            "avg": 461.5861460000004,
            "med": 434.303,
            "p(25)": 413.259,
            "p(75)": 509.9585,
            "min": 165.784
        },
        "http_req_failed": {
            "passes": 0,
            "fails": 1000,
            "value": 0
        },
        "iteration_duration": {
            "p(75)": 510.50085225,
            "min": 166.054565,
            "max": 989.332783,
            "avg": 462.899825712,
            "med": 434.64417249999997,
            "p(25)": 413.49868375000005
        },
        "http_req_waiting": {
            "avg": 460.43438099999986,
            "med": 433.767,
            "p(25)": 413.043,
            "p(75)": 509.54650000000004,
            "min": 165.545,
            "max": 634.976
        }
    }
}