{
    "root_group": {
        "id": "d41d8cd98f00b204e9800998ecf8427e",
        "groups": {},
        "checks": {
                "is status 200": {
                    "passes": 490,
                    "fails": 0,
                    "name": "is status 200",
                    "path": "::is status 200",
                    "id": "548d37ca5f33793206f7832e7cea54fb"
                }
            },
        "name": "",
        "path": ""
    },
    "metrics": {
        "http_req_duration": {
            "max": 6702.489,
            "avg": 4917.936934693879,
            "med": 4832.0515,
            "p(25)": 4757.2105,
            "p(75)": 5081.3915,
            "min": 4575.884
        },
        "vus": {
            "value": 2,
            "min": 2,
            "max": 4
        },
        "http_req_duration{expected_response:true}": {
            "avg": 4917.936934693879,
            "med": 4832.0515,
            "p(25)": 4757.2105,
            "p(75)": 5081.3915,
            "min": 4575.884,
            "max": 6702.489
        },
        "data_received": {
            "count": 245058,
            "rate": 405.13613518464615
        },
        "http_req_blocked": {
            "avg": 1.5042081632652922,
            "med": 0.001,
            "p(25)": 0,
            "p(75)": 0.001,
            "min": 0,
            "max": 184.21
        },
        "http_req_connecting": {
            "avg": 0.1692326530612245,
            "med": 0,
            "p(25)": 0,
            "p(75)": 0,
            "min": 0,
            "max": 22.387
        },
        "http_req_failed": {
            "passes": 0,
            "fails": 490,
            "value": 0
        },
        "http_reqs": {
            "rate": 0.8100804962110055,
            "count": 490
        },
        "http_req_sending": {
            "max": 0.305,
            "avg": 0.09738775510204085,
            "med": 0.0825,
            "p(25)": 0.076,
            "p(75)": 0.119,
            "min": 0.043
        },
        "http_req_receiving": {
            "p(25)": 0.088,
            "p(75)": 0.13575,
            "min": 0.052,
            "max": 3.366,
            "avg": 0.1704224489795921,
            "med": 0.1205
        },
        "http_req_tls_handshaking": {
            "max": 139.334,
            "avg": 1.114742857142857,
            "med": 0,
            "p(25)": 0,
            "p(75)": 0,
            "min": 0
        },
        "data_sent": {
            "count": 90512,
            "rate": 149.63674667969497
        },
        "iteration_duration": {
            "med": 4832.3197535,
            "p(25)": 4757.55607975,
            "p(75)": 5081.72679625,
            "min": 4576.228705,
            "max": 6702.667355,
            "avg": 4919.729988569387
        },
        "vus_max": {
            "value": 4,
            "min": 4,
            "max": 4
        },
        "dropped_iterations": {
            "count": 510,
            "rate": 0.8431450062604343
        },
        "http_req_waiting": {
            "med": 4831.8515,
            "p(25)": 4756.986,
            "p(75)": 5081.1895,
            "min": 4575.617,
            "max": 6702.335,
            "avg": 4917.669124489793
        },
        "checks": {
            "passes": 490,
            "fails": 0,
            "value": 1
        },
        "iterations": {
            "count": 490,
            "rate": 0.8100804962110055
        }
    }
}