{
    "root_group": {
        "checks": {
            "is status 200": {
                "passes": 468,
                "fails": 0,
                "name": "is status 200",
                "path": "::is status 200",
                "id": "548d37ca5f33793206f7832e7cea54fb"
            }
        },
        "name": "",
        "path": "",
        "id": "d41d8cd98f00b204e9800998ecf8427e",
        "groups": {}
    },
    "metrics": {
        "http_req_duration": {
            "avg": 5151.874250000002,
            "min": 4677.322,
            "med": 5112.1669999999995,
            "max": 6591.556,
            "p(90)": 5462.434,
            "p(95)": 5528.8207
        },
        "checks": {
            "passes": 468,
            "fails": 0,
            "value": 1
        },
        "data_received": {
            "count": 233411,
            "rate": 386.1170415175016
        },
        "http_req_blocked": {
            "med": 0,
            "max": 189.071,
            "p(90)": 0.001,
            "p(95)": 0.001,
            "avg": 1.6164423076922962,
            "min": 0
        },
        "vus_max": {
            "value": 4,
            "min": 4,
            "max": 4
        },
        "dropped_iterations": {
            "count": 532,
            "rate": 0.8800539224257248
        },
        "iterations": {
            "count": 468,
            "rate": 0.7741827738632315
        },
        "data_sent": {
            "rate": 143.1841114839869,
            "count": 86556
        },
        "http_req_connecting": {
            "avg": 0.28032478632478636,
            "min": 0,
            "med": 0,
            "max": 34.982,
            "p(90)": 0,
            "p(95)": 0
        },
        "http_req_waiting": {
            "avg": 5151.604574786327,
            "min": 4676.736,
            "med": 5111.9995,
            "max": 6591.225,
            "p(90)": 5462.3155,
            "p(95)": 5528.6311
        },
        "http_req_tls_handshaking": {
            "avg": 1.252068376068376,
            "min": 0,
            "med": 0,
            "max": 147.207,
            "p(90)": 0,
            "p(95)": 0
        },
        "http_req_receiving": {
            "min": 0.035,
            "med": 0.072,
            "max": 9.123,
            "p(90)": 0.5043000000000001,
            "p(95)": 0.8045499999999999,
            "avg": 0.19935042735042727
        },
        "http_req_sending": {
            "min": 0.04,
            "med": 0.058,
            "max": 0.27,
            "p(90)": 0.118,
            "p(95)": 0.12564999999999998,
            "avg": 0.07032478632478628
        },
        "iteration_duration": {
            "med": 5112.3957735,
            "max": 6776.758389,
            "p(90)": 5462.553215999999,
            "p(95)": 5529.01005315,
            "avg": 5153.547571801281,
            "min": 4677.34743
        },
        "vus": {
            "min": 2,
            "max": 4,
            "value": 2
        },
        "http_reqs": {
            "count": 468,
            "rate": 0.7741827738632315
        }
    }
}