{
    "root_group": {
        "path": "",
        "id": "d41d8cd98f00b204e9800998ecf8427e",
        "groups": {},
        "checks": {
                "is status 200": {
                    "name": "is status 200",
                    "path": "::is status 200",
                    "id": "548d37ca5f33793206f7832e7cea54fb",
                    "passes": 481,
                    "fails": 0
                }
            },
        "name": ""
    },
    "metrics": {
        "http_req_receiving": {
            "p(25)": 0.123,
            "p(75)": 0.138,
            "min": 0.052,
            "max": 1.864,
            "avg": 0.14323700623700641,
            "med": 0.131
        },
        "http_req_waiting": {
            "min": 4603.471,
            "max": 6442.535,
            "avg": 5010.095667359668,
            "med": 4917.397,
            "p(25)": 4825.436,
            "p(75)": 5164.878
        },
        "data_sent": {
            "count": 88896,
            "rate": 147.20570832790844
        },
        "http_reqs": {
            "count": 481,
            "rate": 0.7965031689358796
        },
        "http_req_duration{expected_response:true}": {
            "avg": 5010.355064449063,
            "med": 4917.648,
            "p(25)": 4825.699,
            "p(75)": 5165.142,
            "min": 4603.813,
            "max": 6442.889
        },
        "vus": {
            "max": 4,
            "value": 1,
            "min": 1
        },
        "http_req_duration": {
            "p(25)": 4825.699,
            "p(75)": 5165.142,
            "min": 4603.813,
            "max": 6442.889,
            "avg": 5010.355064449063,
            "med": 4917.648
        },
        "checks": {
            "passes": 481,
            "fails": 0,
            "value": 1
        },
        "http_req_sending": {
            "avg": 0.11616008316008324,
            "med": 0.119,
            "p(25)": 0.113,
            "p(75)": 0.127,
            "min": 0.044,
            "max": 0.292
        },
        "data_received": {
            "count": 240347,
            "rate": 397.99822691108494
        },
        "vus_max": {
            "value": 4,
            "min": 4,
            "max": 4
        },
        "dropped_iterations": {
            "count": 519,
            "rate": 0.8594285752135582
        },
        "http_req_connecting": {
            "p(25)": 0,
            "p(75)": 0,
            "min": 0,
            "max": 22.184,
            "avg": 0.1782827442827443,
            "med": 0
        },
        "http_req_blocked": {
            "avg": 1.550482328482314,
            "med": 0.001,
            "p(25)": 0,
            "p(75)": 0.001,
            "min": 0,
            "max": 186.443
        },
        "http_req_tls_handshaking": {
            "max": 134.72,
            "avg": 1.1152307692307692,
            "med": 0,
            "p(25)": 0,
            "p(75)": 0,
            "min": 0
        },
        "http_req_failed": {
            "passes": 0,
            "fails": 481,
            "value": 0
        },
        "iteration_duration": {
            "max": 6629.665607,
            "avg": 5012.207785632022,
            "med": 4917.988066,
            "p(25)": 4826.053588,
            "p(75)": 5165.399216,
            "min": 4604.156228
        },
        "iterations": {
            "count": 481,
            "rate": 0.7965031689358796
        }
    }
}