{
    "root_group": {
        "id": "d41d8cd98f00b204e9800998ecf8427e",
        "groups": {},
        "checks": {
                "is status 200": {
                    "name": "is status 200",
                    "path": "::is status 200",
                    "id": "548d37ca5f33793206f7832e7cea54fb",
                    "passes": 1000,
                    "fails": 0
                }
            },
        "name": "",
        "path": ""
    },
    "metrics": {
        "checks": {
            "passes": 1000,
            "fails": 0,
            "value": 1
        },
        "http_req_waiting": {
            "avg": 882.4194719999998,
            "med": 902.0609999999999,
            "p(25)": 835.08075,
            "p(75)": 920.9114999999999,
            "min": 790.603,
            "max": 1089.151
        },
        "vus_max": {
            "value": 4,
            "min": 4,
            "max": 4
        },
        "http_req_receiving": {
            "avg": 0.141685,
            "med": 0.103,
            "p(25)": 0.077,
            "p(75)": 0.127,
            "min": 0.037,
            "max": 2.971
        },
        "http_reqs": {
            "rate": 4.525949472463023,
            "count": 1000
        },
        "http_req_duration{expected_response:true}": {
            "avg": 882.6552490000016,
            "med": 902.2795,
            "p(25)": 835.3107500000001,
            "p(75)": 921.10625,
            "min": 790.783,
            "max": 1089.51
        },
        "http_req_tls_handshaking": {
            "p(75)": 0,
            "min": 0,
            "max": 145.531,
            "avg": 0.572468,
            "med": 0,
            "p(25)": 0
        },
        "http_req_connecting": {
            "avg": 0.08481200000000001,
            "med": 0,
            "p(25)": 0,
            "p(75)": 0,
            "min": 0,
            "max": 23.069
        },
        "http_req_sending": {
            "p(75)": 0.118,
            "min": 0.028,
            "max": 0.243,
            "avg": 0.09409199999999976,
            "med": 0.084,
            "p(25)": 0.071
        },
        "http_req_failed": {
            "passes": 0,
            "fails": 1000,
            "value": 0
        },
        "data_received": {
            "count": 474873,
            "rate": 2149.251203836933
        },
        "vus": {
            "value": 4,
            "min": 4,
            "max": 4
        },
        "http_req_blocked": {
            "med": 0.001,
            "p(25)": 0,
            "p(75)": 0.001,
            "min": 0,
            "max": 196.378,
            "avg": 0.7857849999999866
        },
        "iteration_duration": {
            "p(25)": 835.6410925,
            "p(75)": 921.4201415,
            "min": 791.142601,
            "max": 1286.412579,
            "avg": 883.7377012659998,
            "med": 902.626906
        },
        "iterations": {
            "count": 1000,
            "rate": 4.525949472463023
        },
        "data_sent": {
            "count": 182316,
            "rate": 825.1530040215686
        },
        "http_req_duration": {
            "max": 1089.51,
            "avg": 882.6552490000016,
            "med": 902.2795,
            "p(25)": 835.3107500000001,
            "p(75)": 921.10625,
            "min": 790.783
        }
    }
}