{
    "root_group": {
        "name": "",
        "path": "",
        "id": "d41d8cd98f00b204e9800998ecf8427e",
        "groups": {},
        "checks": {
                "is status 200": {
                    "id": "548d37ca5f33793206f7832e7cea54fb",
                    "passes": 1000,
                    "fails": 0,
                    "name": "is status 200",
                    "path": "::is status 200"
                }
            }
    },
    "metrics": {
        "checks": {
            "passes": 1000,
            "fails": 0,
            "value": 1
        },
        "data_sent": {
            "count": 182320,
            "rate": 842.6069393543361
        },
        "http_req_duration": {
            "med": 844.7725,
            "p(25)": 820.98675,
            "p(75)": 918.0655,
            "min": 778.098,
            "max": 1125.605,
            "avg": 864.3278679999996
        },
        "data_received": {
            "rate": 2194.1286897051696,
            "count": 474757
        },
        "http_req_receiving": {
            "max": 3.206,
            "avg": 0.14281399999999997,
            "med": 0.117,
            "p(25)": 0.088,
            "p(75)": 0.131,
            "min": 0.036
        },
        "http_req_sending": {
            "avg": 0.10115699999999979,
            "med": 0.109,
            "p(25)": 0.075,
            "p(75)": 0.122,
            "min": 0.031,
            "max": 0.344
        },
        "iterations": {
            "rate": 4.621582598477052,
            "count": 1000
        },
        "http_req_waiting": {
            "avg": 864.0838970000015,
            "med": 844.6145,
            "p(25)": 820.7375,
            "p(75)": 917.9037500000001,
            "min": 777.864,
            "max": 1125.247
        },
        "http_req_duration{expected_response:true}": {
            "max": 1125.605,
            "avg": 864.3278679999996,
            "med": 844.7725,
            "p(25)": 820.98675,
            "p(75)": 918.0655,
            "min": 778.098
        },
        "http_reqs": {
            "count": 1000,
            "rate": 4.621582598477052
        },
        "http_req_failed": {
            "passes": 0,
            "fails": 1000,
            "value": 0
        },
        "vus_max": {
            "min": 4,
            "max": 4,
            "value": 4
        },
        "vus": {
            "min": 4,
            "max": 4,
            "value": 4
        },
        "http_req_blocked": {
            "avg": 0.8353739999999862,
            "med": 0.001,
            "p(25)": 0,
            "p(75)": 0.001,
            "min": 0,
            "max": 208.704
        },
        "http_req_connecting": {
            "max": 36.021,
            "avg": 0.137923,
            "med": 0,
            "p(25)": 0,
            "p(75)": 0,
            "min": 0
        },
        "iteration_duration": {
            "avg": 865.4764337280012,
            "med": 845.0237434999999,
            "p(25)": 821.2714142499999,
            "p(75)": 918.3073385,
            "min": 778.469641,
            "max": 1334.984313
        },
        "http_req_tls_handshaking": {
            "med": 0,
            "p(25)": 0,
            "p(75)": 0,
            "min": 0,
            "max": 139.964,
            "avg": 0.557701
        }
    }
}