{
    "root_group": {
        "name": "",
        "path": "",
        "id": "d41d8cd98f00b204e9800998ecf8427e",
        "groups": {},
        "checks": {
                "is status 200": {
                    "passes": 1000,
                    "fails": 0,
                    "name": "is status 200",
                    "path": "::is status 200",
                    "id": "548d37ca5f33793206f7832e7cea54fb"
                }
            }
    },
    "metrics": {
        "iterations": {
            "count": 1000,
            "rate": 4.112676038265423
        },
        "http_req_waiting": {
            "med": 1006.5305000000001,
            "max": 1258.213,
            "p(90)": 1036.1972,
            "p(95)": 1044.4206999999997,
            "avg": 966.9898220000011,
            "min": 792.45
        },
        "http_req_receiving": {
            "avg": 0.1245740000000004,
            "min": 0.034,
            "med": 0.063,
            "max": 9.274,
            "p(90)": 0.126,
            "p(95)": 0.16514999999999988
        },
        "http_req_tls_handshaking": {
            "min": 0,
            "med": 0,
            "max": 170.147,
            "p(90)": 0,
            "p(95)": 0,
            "avg": 0.6663510000000001
        },
        "checks": {
            "passes": 1000,
            "fails": 0,
            "value": 1
        },
        "http_reqs": {
            "count": 1000,
            "rate": 4.112676038265423
        },
        "http_req_duration": {
            "p(90)": 1036.3108,
            "p(95)": 1044.5249999999999,
            "avg": 967.1811219999996,
            "min": 792.556,
            "med": 1006.693,
            "max": 1258.49
        },
        "http_req_sending": {
            "p(95)": 0.117,
            "avg": 0.06672599999999994,
            "min": 0.034,
            "med": 0.06,
            "max": 0.219,
            "p(90)": 0.096
        },
        "http_req_connecting": {
            "min": 0,
            "med": 0,
            "max": 25.731,
            "p(90)": 0,
            "p(95)": 0,
            "avg": 0.097639
        },
        "http_req_blocked": {
            "max": 1241.173,
            "p(90)": 0.001,
            "p(95)": 0.001,
            "avg": 4.961788000000085,
            "min": 0,
            "med": 0
        },
        "data_sent": {
            "count": 182320,
            "rate": 749.823095296552
        },
        "data_received": {
            "count": 474889,
            "rate": 1953.0646111358287
        },
        "vus_max": {
            "value": 4,
            "min": 4,
            "max": 4
        },
        "vus": {
            "value": 4,
            "min": 4,
            "max": 4
        },
        "iteration_duration": {
            "avg": 972.3909913430009,
            "min": 792.794341,
            "med": 1007.0259815,
            "max": 2498.971492,
            "p(90)": 1036.5270364,
            "p(95)": 1044.7342642999997
        }
    }
}