{
    "metrics": {
        "iteration_duration": {
            "avg": 942.3053912039992,
            "med": 916.0736294999999,
            "p(25)": 900.3188035,
            "p(75)": 983.8719465,
            "min": 851.993208,
            "max": 1499.565339
        },
        "http_reqs": {
            "count": 1000,
            "rate": 4.244509322901314
        },
        "http_req_duration{expected_response:true}": {
            "avg": 940.6342820000003,
            "med": 915.735,
            "p(25)": 900.0135,
            "p(75)": 983.56025,
            "min": 851.712,
            "max": 1155.313
        },
        "http_req_blocked": {
            "avg": 1.3751079999999871,
            "med": 0.001,
            "p(25)": 0,
            "p(75)": 0.001,
            "min": 0,
            "max": 343.7
        },
        "data_received": {
            "count": 473173,
            "rate": 2008.3872098451836
        },
        "vus_max": {
            "value": 4,
            "min": 4,
            "max": 4
        },
        "http_req_tls_handshaking": {
            "avg": 0.81008,
            "med": 0,
            "p(25)": 0,
            "p(75)": 0,
            "min": 0,
            "max": 202.967
        },
        "http_req_sending": {
            "p(75)": 0.108,
            "min": 0.04,
            "max": 0.269,
            "avg": 0.09221399999999991,
            "med": 0.089,
            "p(25)": 0.074
        },
        "iterations": {
            "count": 1000,
            "rate": 4.244509322901314
        },
        "http_req_waiting": {
            "avg": 940.3207239999987,
            "med": 915.303,
            "p(25)": 899.77625,
            "p(75)": 983.3095000000001,
            "min": 851.522,
            "max": 1154.842
        },
        "http_req_duration": {
            "avg": 940.6342820000003,
            "med": 915.735,
            "p(25)": 900.0135,
            "p(75)": 983.56025,
            "min": 851.712,
            "max": 1155.313
        },
        "data_sent": {
            "rate": 773.8589397513676,
            "count": 182320
        },
        "http_req_connecting": {
            "med": 0,
            "p(25)": 0,
            "p(75)": 0,
            "min": 0,
            "max": 63.624,
            "avg": 0.249438
        },
        "http_req_failed": {
            "passes": 0,
            "fails": 1000,
            "value": 0
        },
        "checks": {
            "passes": 1000,
            "fails": 0,
            "value": 1
        },
        "vus": {
            "value": 4,
            "min": 4,
            "max": 4
        },
        "http_req_receiving": {
            "avg": 0.2213439999999995,
            "med": 0.145,
            "p(25)": 0.127,
            "p(75)": 0.17125,
            "min": 0.039,
            "max": 10.378
        }
    },
    "root_group": {
        "id": "d41d8cd98f00b204e9800998ecf8427e",
        "groups": {},
        "checks": {
                "is status 200": {
                    "path": "::is status 200",
                    "id": "548d37ca5f33793206f7832e7cea54fb",
                    "passes": 1000,
                    "fails": 0,
                    "name": "is status 200"
                }
            },
        "name": "",
        "path": ""
    }
}