{
    "metrics": {
        "vus": {
            "value": 4,
            "min": 4,
            "max": 4
        },
        "checks": {
            "passes": 1000,
            "fails": 0,
            "value": 1
        },
        "http_req_blocked": {
            "max": 336.332,
            "avg": 1.3457899999999878,
            "med": 0.001,
            "p(25)": 0,
            "p(75)": 0.001,
            "min": 0
        },
        "vus_max": {
            "value": 4,
            "min": 4,
            "max": 4
        },
        "http_reqs": {
            "count": 1000,
            "rate": 5.756100727111796
        },
        "http_req_failed": {
            "passes": 0,
            "fails": 1000,
            "value": 0
        },
        "http_req_waiting": {
            "p(25)": 667.4590000000001,
            "p(75)": 693.41325,
            "min": 492.86,
            "max": 897.1,
            "avg": 692.1013750000002,
            "med": 678.3109999999999
        },
        "http_req_receiving": {
            "min": 0.031,
            "max": 20.571,
            "avg": 0.2625329999999998,
            "med": 0.139,
            "p(25)": 0.096,
            "p(75)": 0.163
        },
        "http_req_duration{expected_response:true}": {
            "med": 678.7755,
            "p(25)": 667.86,
            "p(75)": 693.687,
            "min": 493.133,
            "max": 897.41,
            "avg": 692.4521659999997
        },
        "http_req_duration": {
            "avg": 692.4521659999997,
            "med": 678.7755,
            "p(25)": 667.86,
            "p(75)": 693.687,
            "min": 493.133,
            "max": 897.41
        },
        "http_req_connecting": {
            "avg": 0.254075,
            "med": 0,
            "p(25)": 0,
            "p(75)": 0,
            "min": 0,
            "max": 66.025
        },
        "iteration_duration": {
            "max": 1162.842571,
            "avg": 694.0783933800004,
            "med": 678.972257,
            "p(25)": 668.08791075,
            "p(75)": 693.95318525,
            "min": 493.591245
        },
        "http_req_tls_handshaking": {
            "max": 193.725,
            "avg": 0.7680450000000001,
            "med": 0,
            "p(25)": 0,
            "p(75)": 0,
            "min": 0
        },
        "data_received": {
            "rate": 2726.3080361877765,
            "count": 473638
        },
        "http_req_sending": {
            "avg": 0.08825800000000007,
            "med": 0.088,
            "p(25)": 0.066,
            "p(75)": 0.101,
            "min": 0.034,
            "max": 0.234
        },
        "data_sent": {
            "count": 182312,
            "rate": 1049.4062357612056
        },
        "iterations": {
            "count": 1000,
            "rate": 5.756100727111796
        }
    },
    "root_group": {
        "groups": {},
        "checks": {
                "is status 200": {
                    "name": "is status 200",
                    "path": "::is status 200",
                    "id": "548d37ca5f33793206f7832e7cea54fb",
                    "passes": 1000,
                    "fails": 0
                }
            },
        "name": "",
        "path": "",
        "id": "d41d8cd98f00b204e9800998ecf8427e"
    }
}