{
    "metrics": {
        "http_req_blocked": {
            "avg": 0.7617489999999875,
            "med": 0.001,
            "p(25)": 0,
            "p(75)": 0.001,
            "min": 0,
            "max": 190.306
        },
        "http_req_tls_handshaking": {
            "min": 0,
            "max": 142.514,
            "avg": 0.560864,
            "med": 0,
            "p(25)": 0,
            "p(75)": 0
        },
        "iteration_duration": {
            "max": 964.573952,
            "avg": 593.4603856010002,
            "med": 592.3026465,
            "p(25)": 581.19101275,
            "p(75)": 600.640605,
            "min": 253.805696
        },
        "vus": {
            "value": 4,
            "min": 4,
            "max": 4
        },
        "http_req_duration{expected_response:true}": {
            "max": 774.077,
            "avg": 593.9471083249746,
            "med": 592.012,
            "p(25)": 580.837,
            "p(75)": 600.32,
            "min": 539.572
        },
        "http_reqs": {
            "count": 1000,
            "rate": 6.727704302164397
        },
        "http_req_waiting": {
            "avg": 592.0169749999998,
            "med": 591.7515,
            "p(25)": 580.5550000000001,
            "p(75)": 599.94975,
            "min": 58.117,
            "max": 771.652
        },
        "data_sent": {
            "count": 182308,
            "rate": 1226.5143159189868
        },
        "iterations": {
            "count": 1000,
            "rate": 6.727704302164397
        },
        "http_req_sending": {
            "avg": 0.10711399999999982,
            "med": 0.08549999999999999,
            "p(25)": 0.075,
            "p(75)": 0.12,
            "min": 0.043,
            "max": 2.508
        },
        "vus_max": {
            "value": 4,
            "min": 4,
            "max": 4
        },
        "data_received": {
            "count": 475065,
            "rate": 3196.096844307729
        },
        "checks": {
            "passes": 997,
            "fails": 3,
            "value": 0.997
        },
        "http_req_duration": {
            "avg": 592.3477569999997,
            "med": 591.975,
            "p(25)": 580.8135,
            "p(75)": 600.2915,
            "min": 60.778,
            "max": 774.077
        },
        "http_req_receiving": {
            "p(25)": 0.086,
            "p(75)": 0.135,
            "min": 0.041,
            "max": 3.766,
            "avg": 0.22366800000000017,
            "med": 0.121
        },
        "http_req_connecting": {
            "avg": 0.08460300000000001,
            "med": 0,
            "p(25)": 0,
            "p(75)": 0,
            "min": 0,
            "max": 23.52
        },
        "http_req_failed": {
            "passes": 3,
            "fails": 997,
            "value": 0.003
        }
    },
    "root_group": {
        "groups": {},
        "checks": {
                "is status 200": {
                    "fails": 3,
                    "name": "is status 200",
                    "path": "::is status 200",
                    "id": "548d37ca5f33793206f7832e7cea54fb",
                    "passes": 997
                }
            },
        "name": "",
        "path": "",
        "id": "d41d8cd98f00b204e9800998ecf8427e"
    }
}