{
    "root_group": {
        "path": "",
        "id": "d41d8cd98f00b204e9800998ecf8427e",
        "groups": {},
        "checks": {
                "is status 200": {
                    "name": "is status 200",
                    "path": "::is status 200",
                    "id": "548d37ca5f33793206f7832e7cea54fb",
                    "passes": 1000,
                    "fails": 0
                }
            },
        "name": ""
    },
    "metrics": {
        "http_reqs": {
            "count": 1000,
            "rate": 5.7620927109423485
        },
        "http_req_blocked": {
            "p(90)": 0.001,
            "p(95)": 0.001,
            "avg": 1.0253169999999905,
            "min": 0,
            "med": 0,
            "max": 256.251
        },
        "data_received": {
            "count": 474077,
            "rate": 2731.675626125416
        },
        "iteration_duration": {
            "med": 716.1531495,
            "max": 1109.804651,
            "p(90)": 756.7796629000001,
            "p(95)": 811.3474959499999,
            "avg": 694.0817000070007,
            "min": 555.402064
        },
        "iterations": {
            "rate": 5.7620927109423485,
            "count": 1000
        },
        "http_req_connecting": {
            "max": 55.562,
            "p(90)": 0,
            "p(95)": 0,
            "avg": 0.221473,
            "min": 0,
            "med": 0
        },
        "http_req_waiting": {
            "avg": 692.5741869999979,
            "min": 555.128,
            "med": 715.826,
            "max": 850.844,
            "p(90)": 756.4746,
            "p(95)": 811.06665
        },
        "vus": {
            "value": 4,
            "min": 4,
            "max": 4
        },
        "http_req_receiving": {
            "avg": 0.19343400000000027,
            "min": 0.03,
            "med": 0.065,
            "max": 45.732,
            "p(90)": 0.123,
            "p(95)": 0.156
        },
        "http_req_tls_handshaking": {
            "min": 0,
            "med": 0,
            "max": 171.57,
            "p(90)": 0,
            "p(95)": 0,
            "avg": 0.6843159999999999
        },
        "data_sent": {
            "count": 182312,
            "rate": 1050.4986463173216
        },
        "http_req_duration": {
            "min": 555.236,
            "med": 715.9565,
            "max": 852.96,
            "p(90)": 756.5975999999999,
            "p(95)": 811.1688,
            "avg": 692.8422619999992
        },
        "http_req_sending": {
            "avg": 0.07464100000000005,
            "min": 0.035,
            "med": 0.06,
            "max": 2.069,
            "p(90)": 0.09610000000000002,
            "p(95)": 0.122
        },
        "vus_max": {
            "value": 4,
            "min": 4,
            "max": 4
        },
        "checks": {
            "passes": 1000,
            "fails": 0,
            "value": 1
        }
    }
}