{
    "root_group": {
        "name": "",
        "path": "",
        "id": "d41d8cd98f00b204e9800998ecf8427e",
        "groups": {},
        "checks": {
                "is status 200": {
                    "passes": 1000,
                    "fails": 0,
                    "name": "is status 200",
                    "path": "::is status 200",
                    "id": "548d37ca5f33793206f7832e7cea54fb"
                }
            }
    },
    "metrics": {
        "iterations": {
            "count": 1000,
            "rate": 6.505745956150297
        },
        "http_req_blocked": {
            "avg": 0.8391649999999844,
            "med": 0.001,
            "p(25)": 0,
            "p(75)": 0.001,
            "min": 0,
            "max": 217.124
        },
        "iteration_duration": {
            "avg": 614.8124927310001,
            "med": 614.3619825000001,
            "p(25)": 613.247571,
            "p(75)": 614.950813,
            "min": 558.08382,
            "max": 902.809211
        },
        "http_req_duration": {
            "avg": 613.6591849999999,
            "med": 614.042,
            "p(25)": 612.9159999999999,
            "p(75)": 614.69025,
            "min": 557.786,
            "max": 716.474
        },
        "http_req_waiting": {
            "p(25)": 612.64175,
            "p(75)": 614.48875,
            "min": 557.54,
            "max": 716.272,
            "avg": 613.3982189999995,
            "med": 613.812
        },
        "checks": {
            "fails": 0,
            "passes": 1000,
            "value": 1
        },
        "http_req_duration{expected_response:true}": {
            "min": 557.786,
            "max": 716.474,
            "avg": 613.6591849999999,
            "med": 614.042,
            "p(25)": 612.9159999999999,
            "p(75)": 614.69025
        },
        "http_req_receiving": {
            "avg": 0.14966299999999988,
            "med": 0.117,
            "p(25)": 0.104,
            "p(75)": 0.129,
            "min": 0.037,
            "max": 7.408
        },
        "http_req_failed": {
            "passes": 0,
            "fails": 1000,
            "value": 0
        },
        "vus_max": {
            "min": 4,
            "max": 4,
            "value": 4
        },
        "http_req_tls_handshaking": {
            "min": 0,
            "max": 161.16,
            "avg": 0.6099249999999999,
            "med": 0,
            "p(25)": 0,
            "p(75)": 0
        },
        "data_sent": {
            "count": 182312,
            "rate": 1186.0755567576728
        },
        "http_req_connecting": {
            "med": 0,
            "p(25)": 0,
            "p(75)": 0,
            "min": 0,
            "max": 57.58,
            "avg": 0.221125
        },
        "http_req_sending": {
            "avg": 0.11130299999999968,
            "med": 0.116,
            "p(25)": 0.08875,
            "p(75)": 0.126,
            "min": 0.036,
            "max": 0.61
        },
        "data_received": {
            "count": 474070,
            "rate": 3084.178985432171
        },
        "http_reqs": {
            "rate": 6.505745956150297,
            "count": 1000
        },
        "vus": {
            "value": 4,
            "min": 4,
            "max": 4
        }
    }
}