{
    "root_group": {
        "name": "",
        "path": "",
        "id": "d41d8cd98f00b204e9800998ecf8427e",
        "groups": {},
        "checks": {
                "is status 200": {
                    "name": "is status 200",
                    "path": "::is status 200",
                    "id": "548d37ca5f33793206f7832e7cea54fb",
                    "passes": 1000,
                    "fails": 0
                }
            }
    },
    "metrics": {
        "http_req_tls_handshaking": {
            "med": 0,
            "p(25)": 0,
            "p(75)": 0,
            "min": 0,
            "max": 202.658,
            "avg": 0.803749
        },
        "http_req_sending": {
            "p(75)": 0.107,
            "min": 0.038,
            "max": 0.249,
            "avg": 0.09112499999999989,
            "med": 0.089,
            "p(25)": 0.07
        },
        "vus": {
            "value": 4,
            "min": 4,
            "max": 4
        },
        "http_req_blocked": {
            "avg": 1.3963289999999875,
            "med": 0.001,
            "p(25)": 0,
            "p(75)": 0.001,
            "min": 0,
            "max": 348.956
        },
        "http_req_duration": {
            "avg": 714.7598720000002,
            "med": 693.183,
            "p(25)": 680.2207500000001,
            "p(75)": 719.1365,
            "min": 488.34,
            "max": 911.438
        },
        "http_reqs": {
            "rate": 5.582597814440868,
            "count": 1000
        },
        "iterations": {
            "count": 1000,
            "rate": 5.582597814440868
        },
        "http_req_connecting": {
            "p(75)": 0,
            "min": 0,
            "max": 66.276,
            "avg": 0.254047,
            "med": 0,
            "p(25)": 0
        },
        "iteration_duration": {
            "min": 488.708129,
            "max": 1086.643447,
            "avg": 716.4459223350009,
            "med": 693.5888279999999,
            "p(25)": 680.5430210000001,
            "p(75)": 720.5660572500001
        },
        "vus_max": {
            "min": 4,
            "max": 4,
            "value": 4
        },
        "http_req_failed": {
            "passes": 0,
            "fails": 1000,
            "value": 0
        },
        "checks": {
            "passes": 1000,
            "fails": 0,
            "value": 1
        },
        "http_req_duration{expected_response:true}": {
            "p(75)": 719.1365,
            "min": 488.34,
            "max": 911.438,
            "avg": 714.7598720000002,
            "med": 693.183,
            "p(25)": 680.2207500000001
        },
        "http_req_receiving": {
            "min": 0.043,
            "max": 12.715,
            "avg": 0.22469399999999987,
            "med": 0.144,
            "p(25)": 0.125,
            "p(75)": 0.171
        },
        "data_sent": {
            "count": 182312,
            "rate": 1017.7745727463437
        },
        "data_received": {
            "count": 472918,
            "rate": 2640.110993209747
        },
        "http_req_waiting": {
            "p(75)": 718.92275,
            "min": 488.12,
            "max": 911.189,
            "avg": 714.4440530000002,
            "med": 692.617,
            "p(25)": 679.99125
        }
    }
}